{"acc": 0.8349995519020886, "loss": 0.1559714244976569, "_timestamp": 1721873270.4771965, "_runtime": 3.545574426651001, "_step": 7, "_wandb": {"runtime": 3}}