{"acc": 0.3184847892599241, "loss": 0.8683189613633533, "_timestamp": 1721872945.7314427, "_runtime": 1.9190948009490967, "_step": 0, "_wandb": {"runtime": 1}}