{"acc": 0.4867625537671418, "loss": 0.46108060312757687, "_timestamp": 1721873251.113262, "_runtime": 1.9841020107269287, "_step": 0, "_wandb": {"runtime": 7}}