{"acc": 0.8273076297828695, "loss": 0.13715470180522676, "_timestamp": 1721873570.365485, "_runtime": 3.5586440563201904, "_step": 7, "_wandb": {"runtime": 3}}