{"acc": 0.8541587013898586, "loss": 0.16927060522071985, "_timestamp": 1721873527.7853365, "_runtime": 1.8996074199676514, "_step": 7, "_wandb": {"runtime": 1}}